ĞÕÃû,ÊÖ»ú
Benjamin1,8188141401
Benjamin2,8188141402
Benjamin3,8188141403
Benjamin4,8188141404
Benjamin5,8188141405
Benjamin6,8188141406
Benjamin7,8188141407
Benjamin8,8188141408
Benjamin9,8188141409
Benjamin10,8188141410
Benjamin11,8188141411
Benjamin12,8188141412
Benjamin13,8188141413
Benjamin14,8188141414
Benjamin15,8188141415
Benjamin16,8188141416
Benjamin17,8188141417
Benjamin18,8188141418
Benjamin19,8188141419
Benjamin20,8188141420
Benjamin21,8188141421
Benjamin22,8188141422
Benjamin23,8188141423
Benjamin24,8188141424
Benjamin25,8188141425
Benjamin26,8188141426
Benjamin27,8188141427
Benjamin28,8188141428
Benjamin29,8188141429
Benjamin30,8188141430
Benjamin31,8188141431
Benjamin32,8188141432
Benjamin33,8188141433
Benjamin34,8188141434
Benjamin35,8188141435
Benjamin36,8188141436
Benjamin37,8188141437
Benjamin38,8188141438
Benjamin39,8188141439
Benjamin40,8188141440
Benjamin41,8188141441
Benjamin42,8188141442
Benjamin43,8188141443
Benjamin44,8188141444
Benjamin45,8188141445
Benjamin46,8188141446
Benjamin47,8188141447
Benjamin48,8188141448
Benjamin49,8188141449
Benjamin50,8188141450
Benjamin51,8188141451
Benjamin52,8188141452
Benjamin53,8188141453
Benjamin54,8188141454
Benjamin55,8188141455
Benjamin56,8188141456
Benjamin57,8188141457
Benjamin58,8188141458
Benjamin59,8188141459
Benjamin60,8188141460
Benjamin61,8188141461
Benjamin62,8188141462
Benjamin63,8188141463
Benjamin64,8188141464
Benjamin65,8188141465
Benjamin66,8188141466
Benjamin67,8188141467
Benjamin68,8188141468
Benjamin69,8188141469
Benjamin70,8188141470
Benjamin71,8188141471
Benjamin72,8188141472
Benjamin73,8188141473
Benjamin74,8188141474
Benjamin75,8188141475
Benjamin76,8188141476
Benjamin77,8188141477
Benjamin78,8188141478
Benjamin79,8188141479
Benjamin80,8188141480
Benjamin81,8188141481
Benjamin82,8188141482
Benjamin83,8188141483
Benjamin84,8188141484
Benjamin85,8188141485
Benjamin86,8188141486
Benjamin87,8188141487
Benjamin88,8188141488
Benjamin89,8188141489
Benjamin90,8188141490
Benjamin91,8188141491
Benjamin92,8188141492
Benjamin93,8188141493
Benjamin94,8188141494
Benjamin95,8188141495
Benjamin96,8188141496
Benjamin97,8188141497
Benjamin98,8188141498
Benjamin99,8188141499
Benjamin100,8188141500
Benjamin101,8188141501
Benjamin102,8188141502
Benjamin103,8188141503
Benjamin104,8188141504
Benjamin105,8188141505
Benjamin106,8188141506
Benjamin107,8188141507
Benjamin108,8188141508
Benjamin109,8188141509
Benjamin110,8188141510
Benjamin111,8188141511
Benjamin112,8188141512
Benjamin113,8188141513
Benjamin114,8188141514
Benjamin115,8188141515
Benjamin116,8188141516
Benjamin117,8188141517
Benjamin118,8188141518
Benjamin119,8188141519
Benjamin120,8188141520
Benjamin121,8188141521
Benjamin122,8188141522
Benjamin123,8188141523
Benjamin124,8188141524
Benjamin125,8188141525
Benjamin126,8188141526
Benjamin127,8188141527
Benjamin128,8188141528
Benjamin129,8188141529
Benjamin130,8188141530
Benjamin131,8188141531
Benjamin132,8188141532
Benjamin133,8188141533
Benjamin134,8188141534
Benjamin135,8188141535
Benjamin136,8188141536
Benjamin137,8188141537
Benjamin138,8188141538
Benjamin139,8188141539
Benjamin140,8188141540
Benjamin141,8188141541
Benjamin142,8188141542
Benjamin143,8188141543
Benjamin144,8188141544
Benjamin145,8188141545
Benjamin146,8188141546
Benjamin147,8188141547
Benjamin148,8188141548
Benjamin149,8188141549
Benjamin150,8188141550
Benjamin151,8188141551
Benjamin152,8188141552
Benjamin153,8188141553
Benjamin154,8188141554
Benjamin155,8188141555
Benjamin156,8188141556
Benjamin157,8188141557
Benjamin158,8188141558
Benjamin159,8188141559
Benjamin160,8188141560
Benjamin161,8188141561
Benjamin162,8188141562
Benjamin163,8188141563
Benjamin164,8188141564
Benjamin165,8188141565
Benjamin166,8188141566
Benjamin167,8188141567
Benjamin168,8188141568
Benjamin169,8188141569
Benjamin170,8188141570
Benjamin171,8188141571
Benjamin172,8188141572
Benjamin173,8188141573
Benjamin174,8188141574
Benjamin175,8188141575
Benjamin176,8188141576
Benjamin177,8188141577
Benjamin178,8188141578
Benjamin179,8188141579
Benjamin180,8188141580
Benjamin181,8188141581
Benjamin182,8188141582
Benjamin183,8188141583
Benjamin184,8188141584
Benjamin185,8188141585
Benjamin186,8188141586
Benjamin187,8188141587
Benjamin188,8188141588
Benjamin189,8188141589
Benjamin190,8188141590
Benjamin191,8188141591
Benjamin192,8188141592
Benjamin193,8188141593
Benjamin194,8188141594
Benjamin195,8188141595
Benjamin196,8188141596
Benjamin197,8188141597
Benjamin198,8188141598
Benjamin199,8188141599
Benjamin200,8188141600
Benjamin201,8188141601
Benjamin202,8188141602
Benjamin203,8188141603
Benjamin204,8188141604
Benjamin205,8188141605
Benjamin206,8188141606
Benjamin207,8188141607
Benjamin208,8188141608
Benjamin209,8188141609
Benjamin210,8188141610
Benjamin211,8188141611
Benjamin212,8188141612
Benjamin213,8188141613
Benjamin214,8188141614
Benjamin215,8188141615
Benjamin216,8188141616
Benjamin217,8188141617
Benjamin218,8188141618
Benjamin219,8188141619
Benjamin220,8188141620
Benjamin221,8188141621
Benjamin222,8188141622
Benjamin223,8188141623
Benjamin224,8188141624
Benjamin225,8188141625
Benjamin226,8188141626
Benjamin227,8188141627
Benjamin228,8188141628
Benjamin229,8188141629
Benjamin230,8188141630
Benjamin231,8188141631
Benjamin232,8188141632
Benjamin233,8188141633
Benjamin234,8188141634
Benjamin235,8188141635
Benjamin236,8188141636
Benjamin237,8188141637
Benjamin238,8188141638
Benjamin239,8188141639
Benjamin240,8188141640
Benjamin241,8188141641
Benjamin242,8188141642
Benjamin243,8188141643
Benjamin244,8188141644
Benjamin245,8188141645
Benjamin246,8188141646
Benjamin247,8188141647
Benjamin248,8188141648
Benjamin249,8188141649
Benjamin250,8188141650
Benjamin251,8188141651
Benjamin252,8188141652
Benjamin253,8188141653
Benjamin254,8188141654
Benjamin255,8188141655
Benjamin256,8188141656
Benjamin257,8188141657
Benjamin258,8188141658
Benjamin259,8188141659
Benjamin260,8188141660
Benjamin261,8188141661
Benjamin262,8188141662
Benjamin263,8188141663
Benjamin264,8188141664
Benjamin265,8188141665
Benjamin266,8188141666
Benjamin267,8188141667
Benjamin268,8188141668
Benjamin269,8188141669
Benjamin270,8188141670
Benjamin271,8188141671
Benjamin272,8188141672
Benjamin273,8188141673
Benjamin274,8188141674
Benjamin275,8188141675
Benjamin276,8188141676
Benjamin277,8188141677
Benjamin278,8188141678
Benjamin279,8188141679
Benjamin280,8188141680
Benjamin281,8188141681
Benjamin282,8188141682
Benjamin283,8188141683
Benjamin284,8188141684
Benjamin285,8188141685
Benjamin286,8188141686
Benjamin287,8188141687
Benjamin288,8188141688
Benjamin289,8188141689
Benjamin290,8188141690
Benjamin291,8188141691
Benjamin292,8188141692
Benjamin293,8188141693
Benjamin294,8188141694
Benjamin295,8188141695
Benjamin296,8188141696
Benjamin297,8188141697
Benjamin298,8188141698
Benjamin299,8188141699
Benjamin300,8188141700
Benjamin301,8188141701
Benjamin302,8188141702
Benjamin303,8188141703
Benjamin304,8188141704
Benjamin305,8188141705
Benjamin306,8188141706
Benjamin307,8188141707
Benjamin308,8188141708
Benjamin309,8188141709
Benjamin310,8188141710
Benjamin311,8188141711
Benjamin312,8188141712
Benjamin313,8188141713
Benjamin314,8188141714
Benjamin315,8188141715
Benjamin316,8188141716
Benjamin317,8188141717
Benjamin318,8188141718
Benjamin319,8188141719
Benjamin320,8188141720
Benjamin321,8188141721
Benjamin322,8188141722
Benjamin323,8188141723
Benjamin324,8188141724
Benjamin325,8188141725
Benjamin326,8188141726
Benjamin327,8188141727
Benjamin328,8188141728
Benjamin329,8188141729
Benjamin330,8188141730
Benjamin331,8188141731
Benjamin332,8188141732
Benjamin333,8188141733
Benjamin334,8188141734
Benjamin335,8188141735
Benjamin336,8188141736
Benjamin337,8188141737
Benjamin338,8188141738
Benjamin339,8188141739
Benjamin340,8188141740
Benjamin341,8188141741
Benjamin342,8188141742
Benjamin343,8188141743
Benjamin344,8188141744
Benjamin345,8188141745
Benjamin346,8188141746
Benjamin347,8188141747
Benjamin348,8188141748
Benjamin349,8188141749
Benjamin350,8188141750
Benjamin351,8188141751
Benjamin352,8188141752
Benjamin353,8188141753
Benjamin354,8188141754
Benjamin355,8188141755
Benjamin356,8188141756
Benjamin357,8188141757
Benjamin358,8188141758
Benjamin359,8188141759
Benjamin360,8188141760
Benjamin361,8188141761
Benjamin362,8188141762
Benjamin363,8188141763
Benjamin364,8188141764
Benjamin365,8188141765
Benjamin366,8188141766
Benjamin367,8188141767
Benjamin368,8188141768
Benjamin369,8188141769
Benjamin370,8188141770
Benjamin371,8188141771
Benjamin372,8188141772
Benjamin373,8188141773
Benjamin374,8188141774
Benjamin375,8188141775
Benjamin376,8188141776
Benjamin377,8188141777
Benjamin378,8188141778
Benjamin379,8188141779
Benjamin380,8188141780
Benjamin381,8188141781
Benjamin382,8188141782
Benjamin383,8188141783
Benjamin384,8188141784
Benjamin385,8188141785
Benjamin386,8188141786
Benjamin387,8188141787
Benjamin388,8188141788
Benjamin389,8188141789
Benjamin390,8188141790
Benjamin391,8188141791
Benjamin392,8188141792
Benjamin393,8188141793
Benjamin394,8188141794
Benjamin395,8188141795
Benjamin396,8188141796
Benjamin397,8188141797
Benjamin398,8188141798
Benjamin399,8188141799
Benjamin400,8188141800
Benjamin401,8188141801
Benjamin402,8188141802
Benjamin403,8188141803
Benjamin404,8188141804
Benjamin405,8188141805
Benjamin406,8188141806
Benjamin407,8188141807
Benjamin408,8188141808
Benjamin409,8188141809
Benjamin410,8188141810
Benjamin411,8188141811
Benjamin412,8188141812
Benjamin413,8188141813
Benjamin414,8188141814
Benjamin415,8188141815
Benjamin416,8188141816
Benjamin417,8188141817
Benjamin418,8188141818
Benjamin419,8188141819
Benjamin420,8188141820
Benjamin421,8188141821
Benjamin422,8188141822
Benjamin423,8188141823
Benjamin424,8188141824
Benjamin425,8188141825
Benjamin426,8188141826
Benjamin427,8188141827
Benjamin428,8188141828
Benjamin429,8188141829
Benjamin430,8188141830
Benjamin431,8188141831
Benjamin432,8188141832
Benjamin433,8188141833
Benjamin434,8188141834
Benjamin435,8188141835
Benjamin436,8188141836
Benjamin437,8188141837
Benjamin438,8188141838
Benjamin439,8188141839
Benjamin440,8188141840
Benjamin441,8188141841
Benjamin442,8188141842
Benjamin443,8188141843
Benjamin444,8188141844
Benjamin445,8188141845
Benjamin446,8188141846
Benjamin447,8188141847
Benjamin448,8188141848
Benjamin449,8188141849
Benjamin450,8188141850
Benjamin451,8188141851
Benjamin452,8188141852
Benjamin453,8188141853
Benjamin454,8188141854
Benjamin455,8188141855
Benjamin456,8188141856
Benjamin457,8188141857
Benjamin458,8188141858
Benjamin459,8188141859
Benjamin460,8188141860
Benjamin461,8188141861
Benjamin462,8188141862
Benjamin463,8188141863
Benjamin464,8188141864
Benjamin465,8188141865
Benjamin466,8188141866
Benjamin467,8188141867
Benjamin468,8188141868
Benjamin469,8188141869
Benjamin470,8188141870
Benjamin471,8188141871
Benjamin472,8188141872
Benjamin473,8188141873
Benjamin474,8188141874
Benjamin475,8188141875
Benjamin476,8188141876
Benjamin477,8188141877
Benjamin478,8188141878
Benjamin479,8188141879
Benjamin480,8188141880
Benjamin481,8188141881
Benjamin482,8188141882
Benjamin483,8188141883
Benjamin484,8188141884
Benjamin485,8188141885
Benjamin486,8188141886
Benjamin487,8188141887
Benjamin488,8188141888
Benjamin489,8188141889
Benjamin490,8188141890
Benjamin491,8188141891
Benjamin492,8188141892
Benjamin493,8188141893
Benjamin494,8188141894
Benjamin495,8188141895
Benjamin496,8188141896
Benjamin497,8188141897
Benjamin498,8188141898
Benjamin499,8188141899
Benjamin500,8188141900
Benjamin501,8188141901
Benjamin502,8188141902
Benjamin503,8188141903
Benjamin504,8188141904
Benjamin505,8188141905
Benjamin506,8188141906
Benjamin507,8188141907
Benjamin508,8188141908
Benjamin509,8188141909
Benjamin510,8188141910
Benjamin511,8188141911
Benjamin512,8188141912
Benjamin513,8188141913
Benjamin514,8188141914
Benjamin515,8188141915
Benjamin516,8188141916
Benjamin517,8188141917
Benjamin518,8188141918
Benjamin519,8188141919
Benjamin520,8188141920
Benjamin521,8188141921
Benjamin522,8188141922
Benjamin523,8188141923
Benjamin524,8188141924
Benjamin525,8188141925
Benjamin526,8188141926
Benjamin527,8188141927
Benjamin528,8188141928
Benjamin529,8188141929
Benjamin530,8188141930
Benjamin531,8188141931
Benjamin532,8188141932
Benjamin533,8188141933
Benjamin534,8188141934
Benjamin535,8188141935
Benjamin536,8188141936
Benjamin537,8188141937
Benjamin538,8188141938
Benjamin539,8188141939
Benjamin540,8188141940
Benjamin541,8188141941
Benjamin542,8188141942
Benjamin543,8188141943
Benjamin544,8188141944
Benjamin545,8188141945
Benjamin546,8188141946
Benjamin547,8188141947
Benjamin548,8188141948
Benjamin549,8188141949
Benjamin550,8188141950
Benjamin551,8188141951
Benjamin552,8188141952
Benjamin553,8188141953
Benjamin554,8188141954
Benjamin555,8188141955
Benjamin556,8188141956
Benjamin557,8188141957
Benjamin558,8188141958
Benjamin559,8188141959
Benjamin560,8188141960
Benjamin561,8188141961
Benjamin562,8188141962
Benjamin563,8188141963
Benjamin564,8188141964
Benjamin565,8188141965
Benjamin566,8188141966
Benjamin567,8188141967
Benjamin568,8188141968
Benjamin569,8188141969
Benjamin570,8188141970
Benjamin571,8188141971
Benjamin572,8188141972
Benjamin573,8188141973
Benjamin574,8188141974
Benjamin575,8188141975
Benjamin576,8188141976
Benjamin577,8188141977
Benjamin578,8188141978
Benjamin579,8188141979
Benjamin580,8188141980
Benjamin581,8188141981
Benjamin582,8188141982
Benjamin583,8188141983
Benjamin584,8188141984
Benjamin585,8188141985
Benjamin586,8188141986
Benjamin587,8188141987
Benjamin588,8188141988
Benjamin589,8188141989
Benjamin590,8188141990
Benjamin591,8188141991
Benjamin592,8188141992
Benjamin593,8188141993
Benjamin594,8188141994
Benjamin595,8188141995
Benjamin596,8188141996
Benjamin597,8188141997
Benjamin598,8188141998
Benjamin599,8188141999
Benjamin600,8188142000
Benjamin601,8188142001
Benjamin602,8188142002
Benjamin603,8188142003
Benjamin604,8188142004
Benjamin605,8188142005
Benjamin606,8188142006
Benjamin607,8188142007
Benjamin608,8188142008
Benjamin609,8188142009
Benjamin610,8188142010
Benjamin611,8188142011
Benjamin612,8188142012
Benjamin613,8188142013
Benjamin614,8188142014
Benjamin615,8188142015
Benjamin616,8188142016
Benjamin617,8188142017
Benjamin618,8188142018
Benjamin619,8188142019
Benjamin620,8188142020
Benjamin621,8188142021
Benjamin622,8188142022
Benjamin623,8188142023
Benjamin624,8188142024
Benjamin625,8188142025
Benjamin626,8188142026
Benjamin627,8188142027
Benjamin628,8188142028
Benjamin629,8188142029
Benjamin630,8188142030
Benjamin631,8188142031
Benjamin632,8188142032
Benjamin633,8188142033
Benjamin634,8188142034
Benjamin635,8188142035
Benjamin636,8188142036
Benjamin637,8188142037
Benjamin638,8188142038
Benjamin639,8188142039
Benjamin640,8188142040
Benjamin641,8188142041
Benjamin642,8188142042
Benjamin643,8188142043
Benjamin644,8188142044
Benjamin645,8188142045
Benjamin646,8188142046
Benjamin647,8188142047
Benjamin648,8188142048
Benjamin649,8188142049
Benjamin650,8188142050
Benjamin651,8188142051
Benjamin652,8188142052
Benjamin653,8188142053
Benjamin654,8188142054
Benjamin655,8188142055
Benjamin656,8188142056
Benjamin657,8188142057
Benjamin658,8188142058
Benjamin659,8188142059
Benjamin660,8188142060
Benjamin661,8188142061
Benjamin662,8188142062
Benjamin663,8188142063
Benjamin664,8188142064
Benjamin665,8188142065
Benjamin666,8188142066
Benjamin667,8188142067
Benjamin668,8188142068
Benjamin669,8188142069
Benjamin670,8188142070
Benjamin671,8188142071
Benjamin672,8188142072
Benjamin673,8188142073
Benjamin674,8188142074
Benjamin675,8188142075
Benjamin676,8188142076
Benjamin677,8188142077
Benjamin678,8188142078
Benjamin679,8188142079
Benjamin680,8188142080
Benjamin681,8188142081
Benjamin682,8188142082
Benjamin683,8188142083
Benjamin684,8188142084
Benjamin685,8188142085
Benjamin686,8188142086
Benjamin687,8188142087
Benjamin688,8188142088
Benjamin689,8188142089
Benjamin690,8188142090
Benjamin691,8188142091
Benjamin692,8188142092
Benjamin693,8188142093
Benjamin694,8188142094
Benjamin695,8188142095
Benjamin696,8188142096
Benjamin697,8188142097
Benjamin698,8188142098
Benjamin699,8188142099
Benjamin700,8188142100
Benjamin701,8188142101
Benjamin702,8188142102
Benjamin703,8188142103
Benjamin704,8188142104
Benjamin705,8188142105
Benjamin706,8188142106
Benjamin707,8188142107
Benjamin708,8188142108
Benjamin709,8188142109
Benjamin710,8188142110
Benjamin711,8188142111
Benjamin712,8188142112
Benjamin713,8188142113
Benjamin714,8188142114
Benjamin715,8188142115
Benjamin716,8188142116
Benjamin717,8188142117
Benjamin718,8188142118
Benjamin719,8188142119
Benjamin720,8188142120
Benjamin721,8188142121
Benjamin722,8188142122
Benjamin723,8188142123
Benjamin724,8188142124
Benjamin725,8188142125
Benjamin726,8188142126
Benjamin727,8188142127
Benjamin728,8188142128
Benjamin729,8188142129
Benjamin730,8188142130
Benjamin731,8188142131
Benjamin732,8188142132
Benjamin733,8188142133
Benjamin734,8188142134
Benjamin735,8188142135
Benjamin736,8188142136
Benjamin737,8188142137
Benjamin738,8188142138
Benjamin739,8188142139
Benjamin740,8188142140
Benjamin741,8188142141
Benjamin742,8188142142
Benjamin743,8188142143
Benjamin744,8188142144
Benjamin745,8188142145
Benjamin746,8188142146
Benjamin747,8188142147
Benjamin748,8188142148
Benjamin749,8188142149
Benjamin750,8188142150
Benjamin751,8188142151
Benjamin752,8188142152
Benjamin753,8188142153
Benjamin754,8188142154
Benjamin755,8188142155
Benjamin756,8188142156
Benjamin757,8188142157
Benjamin758,8188142158
Benjamin759,8188142159
Benjamin760,8188142160
Benjamin761,8188142161
Benjamin762,8188142162
Benjamin763,8188142163
Benjamin764,8188142164
Benjamin765,8188142165
Benjamin766,8188142166
Benjamin767,8188142167
Benjamin768,8188142168
Benjamin769,8188142169
Benjamin770,8188142170
Benjamin771,8188142171
Benjamin772,8188142172
Benjamin773,8188142173
Benjamin774,8188142174
Benjamin775,8188142175
Benjamin776,8188142176
Benjamin777,8188142177
Benjamin778,8188142178
Benjamin779,8188142179
Benjamin780,8188142180
Benjamin781,8188142181
Benjamin782,8188142182
Benjamin783,8188142183
Benjamin784,8188142184
Benjamin785,8188142185
Benjamin786,8188142186
Benjamin787,8188142187
Benjamin788,8188142188
Benjamin789,8188142189
Benjamin790,8188142190
Benjamin791,8188142191
Benjamin792,8188142192
Benjamin793,8188142193
Benjamin794,8188142194
Benjamin795,8188142195
Benjamin796,8188142196
Benjamin797,8188142197
Benjamin798,8188142198
Benjamin799,8188142199
Benjamin800,8188142200
Benjamin801,8188142201
Benjamin802,8188142202
Benjamin803,8188142203
Benjamin804,8188142204
Benjamin805,8188142205
Benjamin806,8188142206
Benjamin807,8188142207
Benjamin808,8188142208
Benjamin809,8188142209
Benjamin810,8188142210
Benjamin811,8188142211
Benjamin812,8188142212
Benjamin813,8188142213
Benjamin814,8188142214
Benjamin815,8188142215
Benjamin816,8188142216
Benjamin817,8188142217
Benjamin818,8188142218
Benjamin819,8188142219
Benjamin820,8188142220
Benjamin821,8188142221
Benjamin822,8188142222
Benjamin823,8188142223
Benjamin824,8188142224
Benjamin825,8188142225
Benjamin826,8188142226
Benjamin827,8188142227
Benjamin828,8188142228
Benjamin829,8188142229
Benjamin830,8188142230
Benjamin831,8188142231
Benjamin832,8188142232
Benjamin833,8188142233
Benjamin834,8188142234
Benjamin835,8188142235
Benjamin836,8188142236
Benjamin837,8188142237
Benjamin838,8188142238
Benjamin839,8188142239
Benjamin840,8188142240
Benjamin841,8188142241
Benjamin842,8188142242
Benjamin843,8188142243
Benjamin844,8188142244
Benjamin845,8188142245
Benjamin846,8188142246
Benjamin847,8188142247
Benjamin848,8188142248
Benjamin849,8188142249
Benjamin850,8188142250
Benjamin851,8188142251
Benjamin852,8188142252
Benjamin853,8188142253
Benjamin854,8188142254
Benjamin855,8188142255
Benjamin856,8188142256
Benjamin857,8188142257
Benjamin858,8188142258
Benjamin859,8188142259
Benjamin860,8188142260
Benjamin861,8188142261
Benjamin862,8188142262
Benjamin863,8188142263
Benjamin864,8188142264
Benjamin865,8188142265
Benjamin866,8188142266
Benjamin867,8188142267
Benjamin868,8188142268
Benjamin869,8188142269
Benjamin870,8188142270
Benjamin871,8188142271
Benjamin872,8188142272
Benjamin873,8188142273
Benjamin874,8188142274
Benjamin875,8188142275
Benjamin876,8188142276
Benjamin877,8188142277
Benjamin878,8188142278
Benjamin879,8188142279
Benjamin880,8188142280
Benjamin881,8188142281
Benjamin882,8188142282
Benjamin883,8188142283
Benjamin884,8188142284
Benjamin885,8188142285
Benjamin886,8188142286
Benjamin887,8188142287
Benjamin888,8188142288
Benjamin889,8188142289
Benjamin890,8188142290
Benjamin891,8188142291
Benjamin892,8188142292
Benjamin893,8188142293
Benjamin894,8188142294
Benjamin895,8188142295
Benjamin896,8188142296
Benjamin897,8188142297
Benjamin898,8188142298
Benjamin899,8188142299
Benjamin900,8188142300
Benjamin901,8188142301
Benjamin902,8188142302
Benjamin903,8188142303
Benjamin904,8188142304
Benjamin905,8188142305
Benjamin906,8188142306
Benjamin907,8188142307
Benjamin908,8188142308
Benjamin909,8188142309
Benjamin910,8188142310
Benjamin911,8188142311
Benjamin912,8188142312
Benjamin913,8188142313
Benjamin914,8188142314
Benjamin915,8188142315
Benjamin916,8188142316
Benjamin917,8188142317
Benjamin918,8188142318
Benjamin919,8188142319
Benjamin920,8188142320
Benjamin921,8188142321
Benjamin922,8188142322
Benjamin923,8188142323
Benjamin924,8188142324
Benjamin925,8188142325
Benjamin926,8188142326
Benjamin927,8188142327
Benjamin928,8188142328
Benjamin929,8188142329
Benjamin930,8188142330
Benjamin931,8188142331
Benjamin932,8188142332
Benjamin933,8188142333
Benjamin934,8188142334
Benjamin935,8188142335
Benjamin936,8188142336
Benjamin937,8188142337
Benjamin938,8188142338
Benjamin939,8188142339
Benjamin940,8188142340
Benjamin941,8188142341
Benjamin942,8188142342
Benjamin943,8188142343
Benjamin944,8188142344
Benjamin945,8188142345
Benjamin946,8188142346
Benjamin947,8188142347
Benjamin948,8188142348
Benjamin949,8188142349
Benjamin950,8188142350
Benjamin951,8188142351
Benjamin952,8188142352
Benjamin953,8188142353
Benjamin954,8188142354
Benjamin955,8188142355
Benjamin956,8188142356
Benjamin957,8188142357
Benjamin958,8188142358
Benjamin959,8188142359
Benjamin960,8188142360
Benjamin961,8188142361
Benjamin962,8188142362
Benjamin963,8188142363
Benjamin964,8188142364
Benjamin965,8188142365
Benjamin966,8188142366
Benjamin967,8188142367
Benjamin968,8188142368
Benjamin969,8188142369
Benjamin970,8188142370
Benjamin971,8188142371
Benjamin972,8188142372
Benjamin973,8188142373
Benjamin974,8188142374
Benjamin975,8188142375
Benjamin976,8188142376
Benjamin977,8188142377
Benjamin978,8188142378
Benjamin979,8188142379
Benjamin980,8188142380
Benjamin981,8188142381
Benjamin982,8188142382
Benjamin983,8188142383
Benjamin984,8188142384
Benjamin985,8188142385
Benjamin986,8188142386
Benjamin987,8188142387
Benjamin988,8188142388
Benjamin989,8188142389
Benjamin990,8188142390
Benjamin991,8188142391
Benjamin992,8188142392
Benjamin993,8188142393
Benjamin994,8188142394
Benjamin995,8188142395
Benjamin996,8188142396
Benjamin997,8188142397
Benjamin998,8188142398
Benjamin999,8188142399
Benjamin1000,8188142400
Benjamin1001,8188142401
Benjamin1002,8188142402
Benjamin1003,8188142403
Benjamin1004,8188142404
Benjamin1005,8188142405
Benjamin1006,8188142406
Benjamin1007,8188142407
Benjamin1008,8188142408
Benjamin1009,8188142409
Benjamin1010,8188142410
Benjamin1011,8188142411
Benjamin1012,8188142412
Benjamin1013,8188142413
Benjamin1014,8188142414
Benjamin1015,8188142415
Benjamin1016,8188142416
Benjamin1017,8188142417
Benjamin1018,8188142418
Benjamin1019,8188142419
Benjamin1020,8188142420
Benjamin1021,8188142421
Benjamin1022,8188142422
Benjamin1023,8188142423
Benjamin1024,8188142424
Benjamin1025,8188142425
Benjamin1026,8188142426
Benjamin1027,8188142427
Benjamin1028,8188142428
Benjamin1029,8188142429
Benjamin1030,8188142430
Benjamin1031,8188142431
Benjamin1032,8188142432
Benjamin1033,8188142433
Benjamin1034,8188142434
Benjamin1035,8188142435
Benjamin1036,8188142436
Benjamin1037,8188142437
Benjamin1038,8188142438
Benjamin1039,8188142439
Benjamin1040,8188142440
Benjamin1041,8188142441
Benjamin1042,8188142442
Benjamin1043,8188142443
Benjamin1044,8188142444
Benjamin1045,8188142445
Benjamin1046,8188142446
Benjamin1047,8188142447
Benjamin1048,8188142448
Benjamin1049,8188142449
Benjamin1050,8188142450
Benjamin1051,8188142451
Benjamin1052,8188142452
Benjamin1053,8188142453
Benjamin1054,8188142454
Benjamin1055,8188142455
Benjamin1056,8188142456
Benjamin1057,8188142457
Benjamin1058,8188142458
Benjamin1059,8188142459
Benjamin1060,8188142460
Benjamin1061,8188142461
Benjamin1062,8188142462
Benjamin1063,8188142463
Benjamin1064,8188142464
Benjamin1065,8188142465
Benjamin1066,8188142466
Benjamin1067,8188142467
Benjamin1068,8188142468
Benjamin1069,8188142469
Benjamin1070,8188142470
Benjamin1071,8188142471
Benjamin1072,8188142472
Benjamin1073,8188142473
Benjamin1074,8188142474
Benjamin1075,8188142475
Benjamin1076,8188142476
Benjamin1077,8188142477
Benjamin1078,8188142478
Benjamin1079,8188142479
Benjamin1080,8188142480
Benjamin1081,8188142481
Benjamin1082,8188142482
Benjamin1083,8188142483
Benjamin1084,8188142484
Benjamin1085,8188142485
Benjamin1086,8188142486
Benjamin1087,8188142487
Benjamin1088,8188142488
Benjamin1089,8188142489
Benjamin1090,8188142490
Benjamin1091,8188142491
Benjamin1092,8188142492
Benjamin1093,8188142493
Benjamin1094,8188142494
Benjamin1095,8188142495
Benjamin1096,8188142496
Benjamin1097,8188142497
Benjamin1098,8188142498
Benjamin1099,8188142499
Benjamin1100,8188142500
Benjamin1101,8188142501
Benjamin1102,8188142502
Benjamin1103,8188142503
Benjamin1104,8188142504
Benjamin1105,8188142505
Benjamin1106,8188142506
Benjamin1107,8188142507
Benjamin1108,8188142508
Benjamin1109,8188142509
Benjamin1110,8188142510
Benjamin1111,8188142511
Benjamin1112,8188142512
Benjamin1113,8188142513
Benjamin1114,8188142514
Benjamin1115,8188142515
Benjamin1116,8188142516
Benjamin1117,8188142517
Benjamin1118,8188142518
Benjamin1119,8188142519
Benjamin1120,8188142520
Benjamin1121,8188142521
Benjamin1122,8188142522
Benjamin1123,8188142523
Benjamin1124,8188142524
Benjamin1125,8188142525
Benjamin1126,8188142526
Benjamin1127,8188142527
Benjamin1128,8188142528
Benjamin1129,8188142529
Benjamin1130,8188142530
Benjamin1131,8188142531
Benjamin1132,8188142532
Benjamin1133,8188142533
Benjamin1134,8188142534
Benjamin1135,8188142535
Benjamin1136,8188142536
Benjamin1137,8188142537
Benjamin1138,8188142538
Benjamin1139,8188142539
Benjamin1140,8188142540
Benjamin1141,8188142541
Benjamin1142,8188142542
Benjamin1143,8188142543
Benjamin1144,8188142544
Benjamin1145,8188142545
Benjamin1146,8188142546
Benjamin1147,8188142547
Benjamin1148,8188142548
Benjamin1149,8188142549
Benjamin1150,8188142550
Benjamin1151,8188142551
Benjamin1152,8188142552
Benjamin1153,8188142553
Benjamin1154,8188142554
Benjamin1155,8188142555
Benjamin1156,8188142556
Benjamin1157,8188142557
Benjamin1158,8188142558
Benjamin1159,8188142559
Benjamin1160,8188142560
Benjamin1161,8188142561
Benjamin1162,8188142562
Benjamin1163,8188142563
Benjamin1164,8188142564
Benjamin1165,8188142565
Benjamin1166,8188142566
Benjamin1167,8188142567
Benjamin1168,8188142568
Benjamin1169,8188142569
Benjamin1170,8188142570
Benjamin1171,8188142571
Benjamin1172,8188142572
Benjamin1173,8188142573
Benjamin1174,8188142574
Benjamin1175,8188142575
Benjamin1176,8188142576
Benjamin1177,8188142577
Benjamin1178,8188142578
Benjamin1179,8188142579
Benjamin1180,8188142580
Benjamin1181,8188142581
Benjamin1182,8188142582
Benjamin1183,8188142583
Benjamin1184,8188142584
Benjamin1185,8188142585
Benjamin1186,8188142586
Benjamin1187,8188142587
Benjamin1188,8188142588
Benjamin1189,8188142589
Benjamin1190,8188142590
Benjamin1191,8188142591
Benjamin1192,8188142592
Benjamin1193,8188142593
Benjamin1194,8188142594
Benjamin1195,8188142595
Benjamin1196,8188142596
Benjamin1197,8188142597
Benjamin1198,8188142598
Benjamin1199,8188142599
Benjamin1200,8188142600
Benjamin1201,8188142601
Benjamin1202,8188142602
Benjamin1203,8188142603
Benjamin1204,8188142604
Benjamin1205,8188142605
Benjamin1206,8188142606
Benjamin1207,8188142607
Benjamin1208,8188142608
Benjamin1209,8188142609
Benjamin1210,8188142610
Benjamin1211,8188142611
Benjamin1212,8188142612
Benjamin1213,8188142613
Benjamin1214,8188142614
Benjamin1215,8188142615
Benjamin1216,8188142616
Benjamin1217,8188142617
Benjamin1218,8188142618
Benjamin1219,8188142619
Benjamin1220,8188142620
Benjamin1221,8188142621
Benjamin1222,8188142622
Benjamin1223,8188142623
Benjamin1224,8188142624
Benjamin1225,8188142625
Benjamin1226,8188142626
Benjamin1227,8188142627
Benjamin1228,8188142628
Benjamin1229,8188142629
Benjamin1230,8188142630
Benjamin1231,8188142631
Benjamin1232,8188142632
Benjamin1233,8188142633
Benjamin1234,8188142634
Benjamin1235,8188142635
Benjamin1236,8188142636
Benjamin1237,8188142637
Benjamin1238,8188142638
Benjamin1239,8188142639
Benjamin1240,8188142640
Benjamin1241,8188142641
Benjamin1242,8188142642
Benjamin1243,8188142643
Benjamin1244,8188142644
Benjamin1245,8188142645
Benjamin1246,8188142646
Benjamin1247,8188142647
Benjamin1248,8188142648
Benjamin1249,8188142649
Benjamin1250,8188142650
Benjamin1251,8188142651
Benjamin1252,8188142652
Benjamin1253,8188142653
Benjamin1254,8188142654
Benjamin1255,8188142655
Benjamin1256,8188142656
Benjamin1257,8188142657
Benjamin1258,8188142658
Benjamin1259,8188142659
Benjamin1260,8188142660
Benjamin1261,8188142661
Benjamin1262,8188142662
Benjamin1263,8188142663
Benjamin1264,8188142664
Benjamin1265,8188142665
Benjamin1266,8188142666
Benjamin1267,8188142667
Benjamin1268,8188142668
Benjamin1269,8188142669
Benjamin1270,8188142670
Benjamin1271,8188142671
Benjamin1272,8188142672
Benjamin1273,8188142673
Benjamin1274,8188142674
Benjamin1275,8188142675
Benjamin1276,8188142676
Benjamin1277,8188142677
Benjamin1278,8188142678
Benjamin1279,8188142679
Benjamin1280,8188142680
Benjamin1281,8188142681
Benjamin1282,8188142682
Benjamin1283,8188142683
Benjamin1284,8188142684
Benjamin1285,8188142685
Benjamin1286,8188142686
Benjamin1287,8188142687
Benjamin1288,8188142688
Benjamin1289,8188142689
Benjamin1290,8188142690
Benjamin1291,8188142691
Benjamin1292,8188142692
Benjamin1293,8188142693
Benjamin1294,8188142694
Benjamin1295,8188142695
Benjamin1296,8188142696
Benjamin1297,8188142697
Benjamin1298,8188142698
Benjamin1299,8188142699
Benjamin1300,8188142700
Benjamin1301,8188142701
Benjamin1302,8188142702
Benjamin1303,8188142703
Benjamin1304,8188142704
Benjamin1305,8188142705
Benjamin1306,8188142706
Benjamin1307,8188142707
Benjamin1308,8188142708
Benjamin1309,8188142709
Benjamin1310,8188142710
Benjamin1311,8188142711
Benjamin1312,8188142712
Benjamin1313,8188142713
Benjamin1314,8188142714
Benjamin1315,8188142715
Benjamin1316,8188142716
Benjamin1317,8188142717
Benjamin1318,8188142718
Benjamin1319,8188142719
Benjamin1320,8188142720
Benjamin1321,8188142721
Benjamin1322,8188142722
Benjamin1323,8188142723
Benjamin1324,8188142724
Benjamin1325,8188142725
Benjamin1326,8188142726
Benjamin1327,8188142727
Benjamin1328,8188142728
Benjamin1329,8188142729
Benjamin1330,8188142730
Benjamin1331,8188142731
Benjamin1332,8188142732
Benjamin1333,8188142733
Benjamin1334,8188142734
Benjamin1335,8188142735
Benjamin1336,8188142736
Benjamin1337,8188142737
Benjamin1338,8188142738
Benjamin1339,8188142739
Benjamin1340,8188142740
Benjamin1341,8188142741
Benjamin1342,8188142742
Benjamin1343,8188142743
Benjamin1344,8188142744
Benjamin1345,8188142745
Benjamin1346,8188142746
Benjamin1347,8188142747
Benjamin1348,8188142748
Benjamin1349,8188142749
Benjamin1350,8188142750
Benjamin1351,8188142751
Benjamin1352,8188142752
Benjamin1353,8188142753
Benjamin1354,8188142754
Benjamin1355,8188142755
Benjamin1356,8188142756
Benjamin1357,8188142757
Benjamin1358,8188142758
Benjamin1359,8188142759
Benjamin1360,8188142760
Benjamin1361,8188142761
Benjamin1362,8188142762
Benjamin1363,8188142763
Benjamin1364,8188142764
Benjamin1365,8188142765
Benjamin1366,8188142766
Benjamin1367,8188142767
Benjamin1368,8188142768
Benjamin1369,8188142769
Benjamin1370,8188142770
Benjamin1371,8188142771
Benjamin1372,8188142772
Benjamin1373,8188142773
Benjamin1374,8188142774
Benjamin1375,8188142775
Benjamin1376,8188142776
Benjamin1377,8188142777
Benjamin1378,8188142778
Benjamin1379,8188142779
Benjamin1380,8188142780
Benjamin1381,8188142781
Benjamin1382,8188142782
Benjamin1383,8188142783
Benjamin1384,8188142784
Benjamin1385,8188142785
Benjamin1386,8188142786
Benjamin1387,8188142787
Benjamin1388,8188142788
Benjamin1389,8188142789
Benjamin1390,8188142790
Benjamin1391,8188142791
Benjamin1392,8188142792
Benjamin1393,8188142793
Benjamin1394,8188142794
Benjamin1395,8188142795
Benjamin1396,8188142796
Benjamin1397,8188142797
Benjamin1398,8188142798
Benjamin1399,8188142799
Benjamin1400,8188142800
Benjamin1401,8188142801
Benjamin1402,8188142802
Benjamin1403,8188142803
Benjamin1404,8188142804
Benjamin1405,8188142805
Benjamin1406,8188142806
Benjamin1407,8188142807
Benjamin1408,8188142808
Benjamin1409,8188142809
Benjamin1410,8188142810
Benjamin1411,8188142811
Benjamin1412,8188142812
Benjamin1413,8188142813
Benjamin1414,8188142814
Benjamin1415,8188142815
Benjamin1416,8188142816
Benjamin1417,8188142817
Benjamin1418,8188142818
Benjamin1419,8188142819
Benjamin1420,8188142820
Benjamin1421,8188142821
Benjamin1422,8188142822
Benjamin1423,8188142823
Benjamin1424,8188142824
Benjamin1425,8188142825
Benjamin1426,8188142826
Benjamin1427,8188142827
Benjamin1428,8188142828
Benjamin1429,8188142829
Benjamin1430,8188142830
Benjamin1431,8188142831
Benjamin1432,8188142832
Benjamin1433,8188142833
Benjamin1434,8188142834
Benjamin1435,8188142835
Benjamin1436,8188142836
Benjamin1437,8188142837
Benjamin1438,8188142838
Benjamin1439,8188142839
Benjamin1440,8188142840
Benjamin1441,8188142841
Benjamin1442,8188142842
Benjamin1443,8188142843
Benjamin1444,8188142844
Benjamin1445,8188142845
Benjamin1446,8188142846
Benjamin1447,8188142847
Benjamin1448,8188142848
Benjamin1449,8188142849
Benjamin1450,8188142850
Benjamin1451,8188142851
Benjamin1452,8188142852
Benjamin1453,8188142853
Benjamin1454,8188142854
Benjamin1455,8188142855
Benjamin1456,8188142856
Benjamin1457,8188142857
Benjamin1458,8188142858
Benjamin1459,8188142859
Benjamin1460,8188142860
Benjamin1461,8188142861
Benjamin1462,8188142862
Benjamin1463,8188142863
Benjamin1464,8188142864
Benjamin1465,8188142865
Benjamin1466,8188142866
Benjamin1467,8188142867
Benjamin1468,8188142868
Benjamin1469,8188142869
Benjamin1470,8188142870
Benjamin1471,8188142871
Benjamin1472,8188142872
Benjamin1473,8188142873
Benjamin1474,8188142874
Benjamin1475,8188142875
Benjamin1476,8188142876
Benjamin1477,8188142877
Benjamin1478,8188142878
Benjamin1479,8188142879
Benjamin1480,8188142880
Benjamin1481,8188142881
Benjamin1482,8188142882
Benjamin1483,8188142883
Benjamin1484,8188142884
Benjamin1485,8188142885
Benjamin1486,8188142886
Benjamin1487,8188142887
Benjamin1488,8188142888
Benjamin1489,8188142889
Benjamin1490,8188142890
Benjamin1491,8188142891
Benjamin1492,8188142892
Benjamin1493,8188142893
Benjamin1494,8188142894
Benjamin1495,8188142895
Benjamin1496,8188142896
Benjamin1497,8188142897
Benjamin1498,8188142898
Benjamin1499,8188142899
Benjamin1500,8188142900
Benjamin1501,8188142901
Benjamin1502,8188142902
Benjamin1503,8188142903
Benjamin1504,8188142904
Benjamin1505,8188142905
Benjamin1506,8188142906
Benjamin1507,8188142907
Benjamin1508,8188142908
Benjamin1509,8188142909
Benjamin1510,8188142910
Benjamin1511,8188142911
Benjamin1512,8188142912
Benjamin1513,8188142913
Benjamin1514,8188142914
Benjamin1515,8188142915
Benjamin1516,8188142916
Benjamin1517,8188142917
Benjamin1518,8188142918
Benjamin1519,8188142919
Benjamin1520,8188142920
Benjamin1521,8188142921
Benjamin1522,8188142922
Benjamin1523,8188142923
Benjamin1524,8188142924
Benjamin1525,8188142925
Benjamin1526,8188142926
Benjamin1527,8188142927
Benjamin1528,8188142928
Benjamin1529,8188142929
Benjamin1530,8188142930
Benjamin1531,8188142931
Benjamin1532,8188142932
Benjamin1533,8188142933
Benjamin1534,8188142934
Benjamin1535,8188142935
Benjamin1536,8188142936
Benjamin1537,8188142937
Benjamin1538,8188142938
Benjamin1539,8188142939
Benjamin1540,8188142940
Benjamin1541,8188142941
Benjamin1542,8188142942
Benjamin1543,8188142943
Benjamin1544,8188142944
Benjamin1545,8188142945
Benjamin1546,8188142946
Benjamin1547,8188142947
Benjamin1548,8188142948
Benjamin1549,8188142949
Benjamin1550,8188142950
Benjamin1551,8188142951
Benjamin1552,8188142952
Benjamin1553,8188142953
Benjamin1554,8188142954
Benjamin1555,8188142955
Benjamin1556,8188142956
Benjamin1557,8188142957
Benjamin1558,8188142958
Benjamin1559,8188142959
Benjamin1560,8188142960
Benjamin1561,8188142961
Benjamin1562,8188142962
Benjamin1563,8188142963
Benjamin1564,8188142964
Benjamin1565,8188142965
Benjamin1566,8188142966
Benjamin1567,8188142967
Benjamin1568,8188142968
Benjamin1569,8188142969
Benjamin1570,8188142970
Benjamin1571,8188142971
Benjamin1572,8188142972
Benjamin1573,8188142973
Benjamin1574,8188142974
Benjamin1575,8188142975
Benjamin1576,8188142976
Benjamin1577,8188142977
Benjamin1578,8188142978
Benjamin1579,8188142979
Benjamin1580,8188142980
Benjamin1581,8188142981
Benjamin1582,8188142982
Benjamin1583,8188142983
Benjamin1584,8188142984
Benjamin1585,8188142985
Benjamin1586,8188142986
Benjamin1587,8188142987
Benjamin1588,8188142988
Benjamin1589,8188142989
Benjamin1590,8188142990
Benjamin1591,8188142991
Benjamin1592,8188142992
Benjamin1593,8188142993
Benjamin1594,8188142994
Benjamin1595,8188142995
Benjamin1596,8188142996
Benjamin1597,8188142997
Benjamin1598,8188142998
Benjamin1599,8188142999
Benjamin1600,8188143000
Benjamin1601,8188143001
Benjamin1602,8188143002
Benjamin1603,8188143003
Benjamin1604,8188143004
Benjamin1605,8188143005
Benjamin1606,8188143006
Benjamin1607,8188143007
Benjamin1608,8188143008
Benjamin1609,8188143009
Benjamin1610,8188143010
Benjamin1611,8188143011
Benjamin1612,8188143012
Benjamin1613,8188143013
Benjamin1614,8188143014
Benjamin1615,8188143015
Benjamin1616,8188143016
Benjamin1617,8188143017
Benjamin1618,8188143018
Benjamin1619,8188143019
Benjamin1620,8188143020
Benjamin1621,8188143021
Benjamin1622,8188143022
Benjamin1623,8188143023
Benjamin1624,8188143024
Benjamin1625,8188143025
Benjamin1626,8188143026
Benjamin1627,8188143027
Benjamin1628,8188143028
Benjamin1629,8188143029
Benjamin1630,8188143030
Benjamin1631,8188143031
Benjamin1632,8188143032
Benjamin1633,8188143033
Benjamin1634,8188143034
Benjamin1635,8188143035
Benjamin1636,8188143036
Benjamin1637,8188143037
Benjamin1638,8188143038
Benjamin1639,8188143039
Benjamin1640,8188143040
Benjamin1641,8188143041
Benjamin1642,8188143042
Benjamin1643,8188143043
Benjamin1644,8188143044
Benjamin1645,8188143045
Benjamin1646,8188143046
Benjamin1647,8188143047
Benjamin1648,8188143048
Benjamin1649,8188143049
Benjamin1650,8188143050
Benjamin1651,8188143051
Benjamin1652,8188143052
Benjamin1653,8188143053
Benjamin1654,8188143054
Benjamin1655,8188143055
Benjamin1656,8188143056
Benjamin1657,8188143057
Benjamin1658,8188143058
Benjamin1659,8188143059
Benjamin1660,8188143060
Benjamin1661,8188143061
Benjamin1662,8188143062
Benjamin1663,8188143063
Benjamin1664,8188143064
Benjamin1665,8188143065
Benjamin1666,8188143066
Benjamin1667,8188143067
Benjamin1668,8188143068
Benjamin1669,8188143069
Benjamin1670,8188143070
Benjamin1671,8188143071
Benjamin1672,8188143072
Benjamin1673,8188143073
Benjamin1674,8188143074
Benjamin1675,8188143075
Benjamin1676,8188143076
Benjamin1677,8188143077
Benjamin1678,8188143078
Benjamin1679,8188143079
Benjamin1680,8188143080
Benjamin1681,8188143081
Benjamin1682,8188143082
Benjamin1683,8188143083
Benjamin1684,8188143084
Benjamin1685,8188143085
Benjamin1686,8188143086
Benjamin1687,8188143087
Benjamin1688,8188143088
Benjamin1689,8188143089
Benjamin1690,8188143090
Benjamin1691,8188143091
Benjamin1692,8188143092
Benjamin1693,8188143093
Benjamin1694,8188143094
Benjamin1695,8188143095
Benjamin1696,8188143096
Benjamin1697,8188143097
Benjamin1698,8188143098
Benjamin1699,8188143099
Benjamin1700,8188143100
